Firstname,Lastname,Number,Email,Department,Salary
Beatrice,Naida,1609021262899,eget.magna@malesuadafames.org,Executive,856
Maisie,Alma,1603102766899,semper.egestas@eleifend.org,Executive,706
Sylvester,Buckminster,1678100211899,ligula.eu@nulla.co.uk,Quality control,171
Carson,Gregory,1642042868599,ac.nulla@sedturpisnec.org,Loan officer,370
Jackson,Cherokee,1608050868099,dolor@nislQuisquefringilla.co.uk,Loan officer,373
Maggy,Mark,1659050340099,Proin.vel.arcu@arcu.ca,Quality control,879
Reuben,Samuel,1688031130699,Donec.elementum@auctorvelitAliquam.org,Actuary,577
Nigel,Michelle,1626081958899,tellus@tinciduntaliquam.com,Project manager,437
Lance,Illiana,1610062134599,mus@quamelementumat.com,Project manager,570
Ronan,Lila,1690091568999,aliquam@Suspendissealiquet.co.uk,Loan officer,751
Claire,Wing,1658091747899,lorem.eget@auctorquistristique.net,Actuary,727
Harriet,Beatrice,1615082890899,Curabitur.vel.lectus@pellentesque.edu,Actuary,590
Leandra,Zachery,1667012321999,vitae.odio.sagittis@non.co.uk,Software developer,692
Zoe,Chaim,1619011980899,rhoncus.id@idnunc.co.uk,Marketing manager,253
Kerry,Ivor,1676082996499,Fusce.aliquam.enim@orciluctus.edu,Accountant,251
Walker,Christen,1627071675699,arcu.imperdiet.ullamcorper@sociisnatoque.net,Quality control,920
Brianna,Astra,1602121422499,scelerisque.dui.Suspendisse@blanditmattis.ca,Quality control,822
Haviva,Wendy,1652060444699,Cras.eu@enimNunc.edu,Auditor,105
MacKenzie,Candace,1668082954999,Nunc.mauris@Pellentesque.co.uk,Executive,403
Ezekiel,Jason,1655010673699,luctus@mipedenonummy.ca,Project manager,376
Astra,Ray,1668071079799,nibh.sit.amet@laciniaatiaculis.org,Executive,934
Jane,Rooney,1663062421799,amet.consectetuer.adipiscing@magnaPhasellusdolor.net,Auditor,894
Jonah,Germaine,1680011742099,vitae.odio@et.edu,Auditor,705
Maile,Cassady,1666042564199,enim.Etiam.gravida@hendreritaarcu.edu,Auditor,275
Aphrodite,August,1644081195699,natoque@magna.edu,Auditor,425
Meredith,Kasper,1626082624299,magna.a.tortor@blanditcongueIn.co.uk,HR specialist,507
Marcia,Kristen,1655022566799,morbi.tristique.senectus@insodaleselit.ca,Auditor,246
Ali,Aileen,1656072547399,molestie@posuereenimnisl.net,Auditor,724
Oliver,Brendan,1613060875899,eleifend@euismod.net,Executive,956
Ursula,Avram,1684081795199,ipsum.Phasellus@risusDonecnibh.edu,Auditor,395
Allen,Branden,1627091547799,risus.Quisque@ullamcorpernisl.com,Software developer,821
Mollie,Rashad,1652052064099,urna.nec.luctus@pedeultricesa.net,Marketing manager,627
Marshall,Kylee,1651060497799,consequat.nec.mollis@sitamet.edu,Actuary,996
Geoffrey,Emery,1691080874399,turpis.In.condimentum@libero.com,Software developer,832
Abraham,Alexis,1624030248899,vel@lectusNullamsuscipit.ca,Executive,706
Noble,Stella,1627112854899,mauris.a@vulputate.com,Auditor,520
Macy,Sacha,1680010651699,semper.egestas.urna@nibhenim.net,Marketing manager,686
William,Dominic,1637110959499,et.magnis@interdumfeugiatSed.net,Project manager,805
Lilah,Amal,1640051651699,neque.Sed.eget@consequatauctornunc.co.uk,Project manager,478
Halee,Marshall,1618122030499,a.facilisis.non@magnaPhasellus.edu,HR specialist,861
Blythe,Malcolm,1681031128899,amet.massa.Quisque@egetmassaSuspendisse.co.uk,Marketing manager,627
Sheila,Irma,1690072611699,odio.vel@ornare.net,Software developer,473
Farrah,Beau,1627011672799,tempus@Cras.org,Auditor,724
Kieran,Palmer,1659112177199,porttitor.tellus@enimNuncut.co.uk,Auditor,743
Grant,Gareth,1608102336799,porttitor.eros.nec@Nullatempor.org,Executive,331
Fatima,Eric,1606021909699,eu.ultrices.sit@egetlaoreetposuere.co.uk,Project manager,855
Reed,Kelly,1632050635999,eu@Integertinciduntaliquam.org,Marketing manager,364
Eric,Ruby,1632032375499,dolor.Donec@est.co.uk,Loan officer,827
Elmo,Jelani,1688112277699,Nunc.mauris.sapien@ante.ca,Cash manager,491
Elmo,Phoebe,1638101162199,Curabitur@ultricesposuerecubilia.net,Executive,493
Amir,Lesley,1621091189899,sit@tincidunt.org,Loan officer,481
Mikayla,Eaton,1698101390999,neque.sed@nequevitae.ca,Cash manager,495
Jamalia,Gemma,1672043092899,elit.Curabitur.sed@ipsumdolor.org,HR specialist,452
Cadman,Alexander,1667091096499,id@Sed.ca,Actuary,311
Chava,Maryam,1694050229799,vel.nisl.Quisque@consectetuer.co.uk,Actuary,275
Luke,Elliott,1609032243599,feugiat.tellus.lorem@metus.org,HR specialist,736
Vanna,Kieran,1645070739099,lacus@acnullaIn.ca,Project manager,102
Sonya,Briar,1637032212999,tortor.dictum@placeratorci.ca,Marketing manager,385
Lael,Wing,1618081792299,ligula@sed.edu,Auditor,637
Ursa,Eve,1639081840499,aliquam.adipiscing.lacus@amet.com,Auditor,817
Wing,Abbot,1676051444699,metus@dictumcursusNunc.com,Auditor,114
Emi,David,1699030611499,porttitor.vulputate.posuere@Donec.ca,HR specialist,309
Kyra,Scarlett,1657120841499,sem.magna@elit.co.uk,Software developer,837
Keane,Laith,1687041874399,mollis.non.cursus@aliquamarcuAliquam.edu,HR specialist,669
Abel,Vernon,1646090972899,fermentum@Nullamscelerisque.co.uk,Executive,359
Olga,Robin,1619120323099,ut@gravidaAliquam.ca,Actuary,398
Gary,Samuel,1663071010699,molestie.tellus@cursusNuncmauris.net,Executive,827
Michael,Tad,1635070785899,posuere.at.velit@adlitoratorquent.edu,Accountant,469
Philip,Hop,1665101180299,nibh.vulputate@magnaLoremipsum.co.uk,Marketing manager,245
Shad,Iola,1639121424399,eget@quisdiamPellentesque.net,Accountant,365
Ivy,Randall,1635023011599,quam.Pellentesque.habitant@Morbiaccumsan.edu,Receptionist,506
Quin,Chandler,1685063082399,neque.Nullam.nisl@dignissimtempor.com,Receptionist,548
Ira,Sarah,1670080416699,ligula@consectetuermauris.net,Receptionist,308
Kirby,Marcia,1608112273299,In.nec.orci@euismod.co.uk,Receptionist,426
Miriam,Stuart,1688120435899,nibh.Quisque.nonummy@nequeNullam.com,Receptionist,621
Ross,Mia,1666081662299,Etiam.laoreet.libero@maurisid.edu,Receptionist,638
Kyra,Christian,1663012728799,consequat.enim@consectetuer.net,Receptionist,822
Sybil,Keaton,1606061013399,feugiat.nec.diam@pede.com,Receptionist,172
Deacon,Holly,1611020986799,odio.auctor@Namac.net,Cash manager,899
Rafael,Madonna,1607060152399,enim.Suspendisse@purus.com,Actuary,967
Rinah,Axel,1659032904399,ipsum.leo@Suspendisse.org,Software developer,827
Haley,Kelsie,1602102029699,ornare.egestas@Integer.co.uk,Receptionist,359
Orli,Damon,1630020229599,Integer.id.magna@consectetueripsumnunc.com,Cash manager,466
Carlos,Phillip,1600030369499,justo@egestas.ca,Loan officer,955
Clare,Josiah,1618022591499,dui.Cras.pellentesque@velitCras.edu,Cash manager,582
Marah,Ria,1612120425999,ridiculus.mus.Proin@Etiamvestibulummassa.edu,Receptionist,159
Alexander,Uriah,1645121918599,odio.Etiam.ligula@nullavulputatedui.org,Accountant,763
Hedy,Hashim,1688031070399,ipsum.dolor.sit@Duis.ca,Loan officer,825
Travis,Shafira,1650072780199,velit.egestas@risusQuisque.org,HR specialist,460
Austin,Sybill,1689081385899,sollicitudin@ipsumacmi.com,Auditor,733
Gregory,Guy,1606052635699,libero.lacus@DonecnibhQuisque.ca,Auditor,229
Tanisha,Macey,1631052419999,molestie.in@egetmassa.ca,Accountant,961
Hector,Barclay,1698032253799,Sed.dictum@Donec.co.uk,Receptionist,168
Gannon,Celeste,1627052640399,sed@facilisis.org,Executive,427
Zachery,Emmanuel,1624022746999,adipiscing@orci.edu,Accountant,618
Dacey,Timon,1676040469099,rhoncus@euismod.net,Receptionist,138
Ria,Murphy,1655092334699,Cras.eget.nisi@et.ca,Actuary,384
Randall,Kirestin,1631012539399,iaculis.quis@erat.edu,Loan officer,320
Zia,Colton,1640041525799,tempus.eu@lacusUtnec.ca,Quality control,917
Ina,Cameran,1648081506599,placerat@tincidunt.org,Software developer,701
